{
  "required": true,
  "package": "io.github.itzispyder.clickcrystals.mixins",
  "compatibilityLevel": "JAVA_17",
  "client": [
    "MixinAbstractClientPlayerEntity",
    "MixinArmorFeatureRenderer",
    "MixinBlockItem",
    "MixinCamera",
    "MixinChatHud",
    "MixinChatInputSuggestor",
    "MixinClientConnection",
    "MixinClientPlayerEntity",
    "MixinClientPlayerInteractionManager",
    "MixinClientPlayNetworkHandler",
    "MixinClientWorld",
    "MixinEntityRenderer",
    "MixinGameRenderer",
    "MixinHandledScreen",
    "MixinHeldItemRenderer",
    "MixinInGameHud",
    "MixinInGameOverlay",
    "MixinKeyboard",
    "MixinLightmapTextureManager",
    "MixinLivingEntityRenderer",
    "MixinMobEntityRenderer",
    "MixinMouse",
    "MixinParticleManager",
    "MixinPlayerEntityRenderer",
    "MixinScreen",
    "MixinSplashOverlay",
    "MixinWorldRenderer"
  ],
  "injectors": {
    "defaultRequire": 1
  },
  "mixins": [
    "MixinBlock",
    "MixinEntity",
    "MixinItem",
    "MixinItemStack",
    "MixinLivingEntity",
    "MixinMinecraftClient",
    "MixinPlayerInventory"
  ]
}
