{
	"required": true,
	"package": "io.github.axolotlclient.mixin",
	"compatibilityLevel": "JAVA_21",
	"client": [
		"AddServerScreenMixin",
		"BeaconBlockEntityRendererMixin",
		"BossBarHudAccessor",
		"BossBarHudMixin",
		"BuiltinModelItemRendererMixin",
		"CameraMixin",
		"ChatHudMixin",
		"ClientBrandRetrieverMixin",
		"ClientPlayerEntityMixin",
		"ClientPlayNetworkHandlerMixin",
		"ClientWorldMixin",
		"DebugHudMixin",
		"DownloadingTerrainScreenMixin",
		"EmitterParticleMixin",
		"EntityMixin",
		"EntityRendererMixin",
		"GameMenuScreenMixin",
		"GameOptionsMixin",
		"GameRendererMixin",
		"GuiGraphicsMixin",
		"HandledScreenMixin",
		"InGameHudMixin",
		"InGameOverlayRendererMixin",
		"ItemEntityRendererMixin",
		"KeyBindAccessor",
		"KeyBindMixin",
		"KeyboardInputMixin",
		"LightmapManagerMixin",
		"LivingEntityMixin",
		"LivingEntityRendererMixin",
		"MinecraftClientAccessor",
		"MinecraftClientMainMixin",
		"MinecraftClientMixin",
		"ModStatusMixin",
		"MouseMixin",
		"OverlayTextureAccessor",
		"OverlayTextureMixin",
		"ParticleAccessor",
		"ParticleManagerMixin",
		"PlayerEntityMixin",
		"PlayerEntityRendererMixin",
		"PlayerListEntryMixin",
		"PlayerListHudMixin",
		"ReloadableResourceManagerMixin",
		"RenderSystemMixin",
		"ScreenMixin",
		"ScreenshotRecorderMixin",
		"ShaderEffectAccessor",
		"SplashOverlayMixin",
		"SplashTextResourceSupplierMixin",
		"TitleScreenMixin",
		"TntEntityRendererMixin",
		"WorldListWidgetEntryMixin",
		"WorldRendererAccessor",
		"WorldRendererMixin",
		"api.JoinMulitplayerScreenMixin",
		"translation.TranslationStorageMixin"
	],
	"injectors": {
		"defaultRequire": 1
	}
}
