{
	"schemaVersion": 1,
	"id": "axolotlclient",
	"version": "${version}",
	"name": "AxolotlClient",
	"description": "Free & Open-Source Minecraft Mod for use in PvP and other Scenarios",
	"authors": [
		"moehreag"
	],
	"contributors": [
		"YakisikliBaran",
		"DragonEggBedrockBreaking",
		"TheKodeToad",
		"CornetPanique86"
	],
	"contact": {
		"homepage": "https://axolotlclient.github.io/",
		"sources": "https://github.com/AxolotlClient/AxolotlClient-mod/",
		"issues": "https://github.com/AxolotlClient/AxolotlClient-mod/issues"
	},
	"license": "LGPL-3.0-or-later",
	"icon": "assets/axolotlclient/icon.png",
	"accessWidener": "axolotlclient.accesswidener",
	"environment": "client",
	"entrypoints": {
		"client": [
			"io.github.axolotlclient.AxolotlClient"
		],
		"modmenu": [
			"io.github.axolotlclient.config.modmenu.ModMenuCompat"
		],
		"worldhost": [
			"io.github.axolotlclient.api.worldhost.AxolotlClientWorldHostPlugin"
		]
	},
	"mixins": [
		"axolotlclient.mixins.json",
		"axolotlclient.e4mc.mixins.json"
	],
	"custom": {
		"modmenu:clientsideOnly": true
	},
	"depends": {
		"fabricloader": ">=0.15.11",
		"minecraft": ">=1.21 <=1.21.1",
		"fabric-api": "*",
		"axolotlclientconfig": "*",
		"axolotlclient-common": "*"
	}
}
